Planet Name,Host Name,RA,DEC,Distance [pc],Distance Upper Unc [pc],Distance Lower Unc [pc]
WASP-47 b,WASP-47,331.203092,-12.019067,264.78,4.888,-4.716
K2-171 b,K2-171,332.3407712,-13.4288624,606.128,18.747,-17.673
Kepler-619 d,Kepler-619,290.8490899,48.4159782,900.678,16.3815,-16.3815
Kepler-33 e,Kepler-33,289.0775348,46.0051696,1209.16,22.195,-22.195
Kepler-1739 b,Kepler-1739,296.2320536,47.6788626,783.666,13.854,-13.388
Kepler-1315 c,Kepler-1315,295.8215678,46.0530562,480.869,5.724,-5.724
Kepler-49 c,Kepler-49,292.2945208,40.5918123,311.222,2.53,-2.49
OGLE-2018-BLG-0740L b,OGLE-2018-BLG-0740L,272.1769583,-29.8358056,3200.0,500.0,-500.0
Kepler-324 b,Kepler-324,286.4714473,49.6490933,501.574,3.681,-3.629
Kepler-761 b,Kepler-761,290.503599,44.1436249,830.707,12.6345,-12.6345
Kepler-347 b,Kepler-347,289.1995995,49.3056404,1298.88,28.87,-27.66
Kepler-119 b,Kepler-119,295.9463854,42.6588324,701.996,12.463,-12.044
Kepler-1091 b,Kepler-1091,299.7854426,43.6707235,914.299,19.236,-18.471
Kepler-1563 b,Kepler-1563,288.5735936,51.4727698,616.697,,
HD 125390 b,HD 125390,214.5387463,38.9669132,153.647,0.854,-0.854
Kepler-641 b,Kepler-641,291.8235292,42.5161945,969.918,15.6765,-15.6765
Kepler-1162 c,Kepler-1162,283.2920273,45.4339813,940.211,26.13,-24.779
Kepler-313 c,Kepler-313,298.2948708,48.7754,,,
Kepler-1423 b,Kepler-1423,288.2437481,41.1100655,,,
K2-289 b,K2-289,246.6429443,-15.7925384,274.3,2.093,-2.063
Kepler-12 b,Kepler-12,286.2434458,50.0403671,881.386,9.854,-9.643
Kepler-754 b,Kepler-754,293.2541121,37.8461519,1770.27,84.735,-84.735
Kepler-1992 b,Kepler-1992,295.0902409,45.0811045,532.955,4.041,-4.041
Kepler-1747 b,Kepler-1747,284.2096557,45.258082,1321.38,60.95,-55.89
TOI-4602.01,TOI-4602,60.6003316,31.3298354,63.0637,0.2,-0.1988
Kepler-186 e,Kepler-186,298.652736,43.9549884,177.594,0.774,-0.774
Kepler-1066 b,Kepler-1066,298.866621,46.5022325,344.251,2.536,-2.499
Kepler-896 c,Kepler-896,282.4391402,43.7344291,2334.93,179.875,-179.875
Kepler-62 d,Kepler-62,283.2125621,45.3496992,300.874,1.219,-1.219
Kepler-26 b,Kepler-26,284.9410627,46.5664505,335.307,3.0565,-3.0565
WD 1856+534 b,WD 1856+534,284.415675,53.5090244,24.7359,0.0435,-0.0433
Kepler-1505 b,Kepler-1505,292.0020614,41.7869639,495.148,8.332,-8.064
Kepler-1212 b,Kepler-1212,296.8534096,50.0373196,1316.57,37.695,-37.695
Kepler-534 c,Kepler-534,296.4185696,49.540148,570.659,11.599,-11.155
WASP-77 A b,WASP-77 A,37.1555223,-7.0606675,105.166,1.209,-1.182
Kepler-639 b,Kepler-639,292.1868271,41.726944,850.242,11.318,-11.029
K2-155 d,K2-155,65.469614,21.3532633,72.7998,0.2864,-0.2841
TOI-1259 A b,TOI-1259 A,282.1001665,79.2564761,118.106,0.375,-0.372
Kepler-1236 b,Kepler-1236,295.6247375,42.5458739,999.64,38.08,-35.429
Kepler-473 b,Kepler-473,286.6300796,38.9455907,905.937,12.339,-12.017
HAT-P-9 b,HAT-P-9,110.1685157,37.1405946,455.203,8.968,-8.635
WASP-61 b,WASP-61,75.2996637,-26.0541438,488.66,5.558,-5.436
Kepler-246 c,Kepler-246,296.4834007,42.6633806,626.078,9.056,-8.806
Kepler-26 d,Kepler-26,284.9410627,46.5664505,335.307,3.0565,-3.0565
HD 153557 b,HD 153557,254.4706516,47.3678558,17.9412,0.0084,-0.0084
HD 192699 b,HD 192699,304.0248392,4.5805708,71.8627,0.2667,-0.2667
WASP-47 b,WASP-47,331.203092,-12.019067,264.78,4.888,-4.716
Kepler-303 c,Kepler-303,283.1354742,43.6567036,209.738,0.9345,-0.9345
Kepler-1035 b,Kepler-1035,289.042243,42.8824991,562.116,20.407,-19.048
Kepler-887 c,Kepler-887,290.0907893,39.8169085,886.588,12.515,-12.177
Kepler-296 b,Kepler-296,286.5400278,49.4372614,,,
Kepler-80 b,Kepler-80,296.1125759,39.9787451,369.451,2.8945,-2.8945
Kepler-978 b,Kepler-978,286.7107166,43.0433585,682.522,,
Kepler-1767 b,Kepler-1767,293.6441248,46.9896696,820.506,19.941,-19.941
Kepler-1371 c,Kepler-1371,288.8314251,47.5519753,515.334,5.4865,-5.4865
Kepler-1811 b,Kepler-1811,289.9793241,40.1427848,1390.56,53.53,-49.77
Kepler-755 b,Kepler-755,296.8609348,41.0973178,399.034,2.6725,-2.6725
HD 106315 b,HD 106315,183.4724742,-0.3934357,109.353,0.691,-0.681
Kepler-793 b,Kepler-793,295.2167334,38.7744269,985.699,44.701,-41.046
Kepler-1928 b,Kepler-1928,290.4406294,38.5235721,326.362,2.473,-2.437
Kepler-636 b,Kepler-636,293.5920614,41.0950891,310.301,,
Kepler-253 b,Kepler-253,291.8419337,44.858124,838.595,20.317,-19.394
Kepler-510 b,Kepler-510,287.6550196,39.2441716,386.177,3.778,-3.707
Kepler-271 c,Kepler-271,283.0029316,44.284108,404.542,3.848,-3.777
55 Cnc e,55 Cnc,133.1468373,28.3298154,12.5855,0.0124,-0.0123
Kepler-1441 b,Kepler-1441,293.7191177,43.1245756,1110.48,22.555,-22.555
Kepler-1248 b,Kepler-1248,288.0592191,51.3544564,593.026,,
TOI-1807 b,TOI-1807,201.2826259,38.9223671,42.5775,0.0622,-0.062
K2-239 d,K2-239,160.5941265,4.4413751,31.0849,0.0831,-0.0826
HIP 8541 b,HIP 8541,27.5271962,-54.4651633,155.121,0.638,-0.634
WASP-47 d,WASP-47,331.203092,-12.019067,264.78,4.888,-4.716
Kepler-485 b,Kepler-485,294.9963415,50.4700458,1140.95,26.315,-26.315
Kepler-623 b,Kepler-623,296.9867284,47.4773531,737.702,15.079,-14.497
Kepler-1388 c,Kepler-1388,283.3360156,47.1744499,453.795,7.4825,-7.4825
Kepler-1726 b,Kepler-1726,284.3861498,45.7197342,390.552,2.066,-2.045
TOI-199 c,TOI-199,80.1058735,-59.8954326,102.27,0.191,-0.19
Kepler-908 b,Kepler-908,295.3225434,39.3764624,290.843,1.92,-1.896
HD 159868 c,HD 159868,264.7466665,-43.1462347,55.8503,0.1669,-0.166
Kepler-1613 b,Kepler-1613,289.8750066,43.4209318,1508.33,65.08,-60.0
Kepler-806 b,Kepler-806,296.0071956,44.8535698,361.896,2.925,-2.878
Kepler-1319 b,Kepler-1319,290.9564463,49.3667933,103.917,0.355,-0.353
KMT-2020-BLG-0414L c,KMT-2020-BLG-0414L,271.915,-28.4852222,690.0,130.0,-110.0
K2-83 b,K2-83,59.9013782,15.5587994,125.529,0.516,-0.512
HAT-P-12 b,HAT-P-12,209.3886452,43.49331,142.751,0.453,-0.45
Kepler-836 b,Kepler-836,287.4527659,45.7043964,980.035,21.455,-20.575
Kepler-104 d,Kepler-104,287.6046621,42.1665104,400.785,4.483,-4.386
2MASS J22362452+4751425 b,2MASS J22362452+4751425,339.1025931,47.861683,69.5737,0.1592,-0.1585
Kepler-247 b,Kepler-247,288.6425609,43.0393769,663.711,13.884,-13.336
Kepler-339 b,Kepler-339,293.351701,48.4445922,616.637,9.3395,-9.3395
Kepler-1625 b,Kepler-1625,295.429322,39.8865068,2310.11,213.09,-180.49
Kepler-235 c,Kepler-235,286.0790779,39.278237,428.018,6.695,-6.495
Kepler-79 d,Kepler-79,300.5171067,44.3815508,1020.72,17.075,-17.075
Kepler-598 c,Kepler-598,293.1234493,40.9348005,681.086,10.813,-10.813
HD 15337 b,HD 15337,36.8678846,-27.6361171,44.8155,0.0707,-0.0704
Kepler-273 b,Kepler-273,291.3021458,47.6976573,713.964,11.293,-10.952
Kepler-518 b,Kepler-518,287.090019,41.3737576,337.901,2.922,-2.874
Kepler-11 g,Kepler-11,297.1150949,41.9091092,646.346,6.375,-6.375
K2-36 c,K2-36,169.4490102,3.8665038,109.749,0.615,-0.609
Kepler-254 d,Kepler-254,288.1646541,45.8164257,1389.48,75.41,-68.16
Kepler-1083 b,Kepler-1083,283.1618831,45.198336,902.633,24.999,-23.709
Kepler-710 b,Kepler-710,291.9641255,42.6961308,1448.34,43.61,-43.61
Kepler-1217 b,Kepler-1217,289.1866841,50.9375614,1347.71,60.63,-55.71
Kepler-792 b,Kepler-792,292.0068239,38.8207001,1425.47,54.065,-54.065
HATS-35 b,HATS-35,296.688442,-63.5656488,514.555,10.199,-9.817
Kepler-236 b,Kepler-236,283.8664285,39.8981928,288.763,2.265,-2.265
HAT-P-26 b,HAT-P-26,213.1565508,4.0594175,141.837,1.152,-1.133
Kepler-130 b,Kepler-130,288.4505905,40.2452006,316.663,2.353,-2.319
Kepler-341 d,Kepler-341,289.8615609,43.4727412,1047.03,20.51,-19.76
HD 62549 b,HD 62549,116.0821439,-5.0541223,49.3305,0.1192,-0.1186
Kepler-1356 b,Kepler-1356,290.9953825,43.2438792,845.228,23.535,-22.315
Kepler-1075 b,Kepler-1075,287.5011404,47.4691157,291.275,4.987,-4.824
Kepler-589 b,Kepler-589,280.6414331,47.7520581,612.803,7.885,-7.692
Kepler-631 b,Kepler-631,296.885724,40.2281717,761.966,10.7895,-10.7895
Kepler-1896 b,Kepler-1896,289.6785786,40.2496475,1732.91,100.03,-89.87
Kepler-411 d,Kepler-411,287.6057027,49.5233937,153.676,0.455,-0.453
Kepler-450 d,Kepler-450,295.4865821,51.0135237,455.982,5.189,-5.074
Kepler-775 b,Kepler-775,291.4332781,41.7033162,398.676,2.143,-2.12
Kepler-130 b,Kepler-130,288.4505905,40.2452006,316.663,2.353,-2.319
Kepler-368 c,Kepler-368,291.880018,45.3878419,770.978,13.886,-13.411
Kepler-1362 b,Kepler-1362,288.5385574,40.8771276,731.298,17.829,-17.014
Kepler-273 c,Kepler-273,291.3021458,47.6976573,713.964,11.293,-10.952
Kepler-790 b,Kepler-790,286.9171489,38.8722123,703.168,11.302,-10.955
Kepler-732 b,Kepler-732,283.7317274,45.9585288,174.826,0.859,-0.85
HATS-26 b,HATS-26,144.9268593,-28.5856004,861.843,25.218,-23.847
Kepler-1577 b,Kepler-1577,292.9552704,47.5730433,510.029,6.634,-6.469
Kepler-197 c,Kepler-197,295.2264739,50.5592348,330.575,2.344,-2.312
Kepler-186 b,Kepler-186,298.652736,43.9549884,177.594,0.774,-0.774
Kepler-1972 b,Kepler-1972,288.3953074,39.8725067,287.339,2.098,-2.068
Kepler-1426 b,Kepler-1426,292.5457096,49.4168981,1697.81,,
Qatar-8 b,Qatar-8,157.4123405,70.5270835,281.498,2.588,-2.543
HD 219134 h,HD 219134,348.3372026,57.1696255,6.53127,0.00384,-0.00385
HD 106252 b,HD 106252,183.3730583,10.0404302,38.185,0.079,-0.0787
HATS-62 b,HATS-62,312.4493079,-24.303506,523.067,10.426,-10.033
Kepler-148 c,Kepler-148,289.7861626,46.8588176,791.163,15.337,-14.776
KOI-12 b,KOI-12,297.4537402,41.0110188,399.398,4.396,-4.303
WASP-119 b,WASP-119,55.9336392,-65.19378,302.448,2.017,-1.991
Kepler-799 b,Kepler-799,287.1748966,44.8784754,,,
Kepler-187 c,Kepler-187,299.7964955,44.0892448,1143.0,33.31,-31.51
Kepler-950 b,Kepler-950,287.9565768,41.1302834,2161.6,199.49,-169.19
Kepler-940 b,Kepler-940,294.2413053,47.2759642,1260.78,59.01,-59.01
Kepler-101 b,Kepler-101,283.255507,48.3552474,927.981,14.7985,-14.7985
Kepler-765 b,Kepler-765,283.1846044,47.1557114,1076.28,18.01,-17.44
Kepler-1632 b,Kepler-1632,294.4948769,43.9135575,716.76,6.705,-6.585
HAT-P-66 b,HAT-P-66,150.5726262,53.9508237,935.456,24.361,-23.177
K2-32 d,K2-32,252.426008,-19.5430504,157.682,1.309,-1.288
Kepler-1158 b,Kepler-1158,292.2339048,41.5751832,1484.25,36.935,-36.935
Kepler-651 b,Kepler-651,287.3327284,46.2034366,509.408,3.5355,-3.5355
Kepler-890 b,Kepler-890,288.435718,43.7634712,1712.12,69.0,-63.94
TrES-2 b,TrES-2,286.8085258,49.3164211,215.32,1.05,-1.039
TOI-905 b,TOI-905,227.6586754,-71.3616316,158.649,0.725,-0.718
Kepler-603 b,Kepler-603,294.2809679,42.2909295,1539.63,96.82,-96.82
Kepler-1512 b,Kepler-1512,289.2744976,44.4704056,,,
Kepler-1374 b,Kepler-1374,291.3499783,45.1722521,1078.46,41.55,-38.63
Kepler-1955 b,Kepler-1955,299.5347603,40.4777528,449.351,5.668,-5.53
Kepler-423 b,Kepler-423,292.8557189,46.3911883,758.753,12.76,-12.76
Kepler-1162 c,Kepler-1162,283.2920273,45.4339813,940.211,26.13,-24.779
Kepler-291 c,Kepler-291,287.9163029,42.4372666,1786.48,115.5,-102.53
Kepler-441 b,Kepler-441,284.566954,49.0127077,268.003,1.8075,-1.8075
Kepler-164 c,Kepler-164,287.7808115,47.6298453,890.758,13.684,-13.284
UZ For c,UZ For,53.8694682,-25.7393857,,,
Kepler-10 b,Kepler-10,285.679298,50.2414842,185.506,0.811,-0.805
WASP-177 b,WASP-177,334.7969885,-1.8344301,176.818,2.428,-2.364
Kepler-223 b,Kepler-223,298.3183909,47.2794824,1859.71,111.045,-111.045
Kepler-671 b,Kepler-671,294.2657519,49.3140933,1168.26,43.81,-40.8
Kepler-1682 b,Kepler-1682,293.9835827,39.5728474,1159.85,46.04,-46.04
Kepler-1336 c,Kepler-1336,296.2776587,46.8998006,1126.64,22.84,-22.84
Kepler-181 b,Kepler-181,296.1512831,50.0957806,609.283,7.946,-7.946
Kepler-512 b,Kepler-512,298.2689217,48.9167391,467.375,4.888,-4.789
Kepler-128 b,Kepler-128,282.4922622,43.9802442,396.379,3.947,-3.872
Kepler-369 c,Kepler-369,293.6743322,47.9084727,,,
Kepler-80 c,Kepler-80,296.1125759,39.9787451,369.451,2.8945,-2.8945
Kepler-304 c,Kepler-304,294.4418031,40.5575408,434.684,5.295,-5.171
Kepler-1105 b,Kepler-1105,281.1117588,42.4549698,318.004,2.517,-2.479
K2-345 b,K2-345,132.7075876,21.7890367,162.408,0.893,-0.884
Kepler-445 b,Kepler-445,298.7363395,46.4991236,127.201,0.995,-0.995
XO-3 b,XO-3,65.4695814,57.8172095,213.053,2.724,-2.658
Kepler-1098 b,Kepler-1098,295.502673,43.2326992,1049.19,22.36,-21.46
Kepler-225 b,Kepler-225,292.1939846,47.4570808,561.101,12.701,-12.16
Kepler-26 b,Kepler-26,284.9410627,46.5664505,335.307,3.0565,-3.0565
Kepler-37 d,Kepler-37,284.0592503,44.5183733,63.9207,0.1196,-0.1191
KOI-351 c,KOI-351,284.4334642,49.3051239,848.254,10.8185,-10.8185
Kepler-111 c,Kepler-111,291.653163,44.6882613,657.223,6.014,-5.908
Kepler-1322 b,Kepler-1322,293.2045009,45.4353919,1350.32,70.33,-63.8
WASP-4 b,WASP-4,353.5629149,-42.0617794,267.206,3.771,-3.67
TOI-262 b,TOI-262,32.534687,-31.0706272,43.932,0.1174,-0.1168
OGLE-2014-BLG-0221L b,OGLE-2014-BLG-0221L,270.30375,-27.4267639,3680.0,1130.0,-1160.0
Kepler-886 b,Kepler-886,286.2717162,43.5952037,711.297,7.1515,-7.1515
CoRoT-21 b,CoRoT-21,101.0526207,-0.2991544,,,
WASP-82 b,WASP-82,72.6605916,1.8938365,275.664,3.122,-3.055
TOI-700 c,TOI-700,97.0957165,-65.5786149,31.1265,0.0206,-0.0206
Kepler-622 b,Kepler-622,284.4784454,40.9331723,284.761,1.676,-1.656
Kepler-657 b,Kepler-657,291.1973006,47.3077545,1691.88,79.05,-72.41
GJ 180 c,GJ 180,73.460097,-17.776194,11.9407,0.0045,-0.0045
Kepler-1983 b,Kepler-1983,297.042015,39.9121864,424.428,3.495,-3.439
Kepler-82 e,Kepler-82,292.8733696,42.9661583,904.326,22.0875,-22.0875
HD 164604 b,HD 164604,270.7787177,-28.5608343,39.3633,0.0963,-0.0959
Kepler-25 b,Kepler-25,286.6383905,39.4879038,243.249,1.414,-1.397
bet Pic b,bet Pic,86.8212337,-51.066148,19.7442,0.132,-0.1303
HAT-P-37 b,HAT-P-37,284.2960393,51.2691212,390.594,2.723,-2.686
Kepler-845 b,Kepler-845,290.9576363,49.2037262,431.051,3.275,-3.275
Kepler-1898 b,Kepler-1898,287.2058009,38.4981903,360.921,1.897,-1.878
WASP-74 b,WASP-74,304.538843,-1.0760033,149.216,1.149,-1.132
OGLE-2018-BLG-0506L b,OGLE-2018-BLG-0506L,267.6298333,-31.9240556,5600.0,1400.0,-1600.0
Kepler-933 b,Kepler-933,289.5685257,43.5385438,1017.2,29.37,-27.787
HD 3167 c,HD 3167,8.7401487,4.3807215,47.2899,0.1485,-0.1475
Kepler-172 e,Kepler-172,283.3684093,41.821839,828.592,18.482,-17.707
Kepler-271 c,Kepler-271,283.0029316,44.284108,404.542,3.848,-3.777
Kepler-377 b,Kepler-377,295.4220717,38.7356737,823.804,12.578,-12.211
Kepler-218 b,Kepler-218,295.4128785,46.2665801,656.38,6.355,-6.355
Kepler-52 d,Kepler-52,286.7380152,49.9757383,321.542,2.42,-2.383
Kepler-896 c,Kepler-896,282.4391402,43.7344291,2334.93,179.875,-179.875
TOI-329 b,TOI-329,351.3210955,-15.6346313,284.388,4.247,-4.125
Kepler-969 b,Kepler-969,288.3724989,47.9335642,390.354,2.572,-2.572
Kepler-757 b,Kepler-757,296.6804876,41.3865279,1068.68,36.7,-34.39
Kepler-1086 c,Kepler-1086,295.251187,45.8429537,466.084,7.178,-7.178
Kepler-326 d,Kepler-326,294.3255898,46.0022646,487.675,10.683,-10.683
Kepler-335 c,Kepler-335,296.0642944,45.4285986,1278.97,28.805,-28.805
Kepler-218 b,Kepler-218,295.4128785,46.2665801,656.38,6.355,-6.355
K2-113 b,K2-113,19.4493823,6.8688469,635.722,13.43,-13.43
Kepler-1416 b,Kepler-1416,298.6634624,43.8940593,949.59,16.9155,-16.9155
Kepler-381 d,Kepler-381,285.1828685,43.8310283,267.323,1.708,-1.687
Kepler-109 b,Kepler-109,290.3926795,40.2849074,474.861,5.349,-5.233
Kepler-462 b,Kepler-462,299.8211502,43.8142793,596.625,10.858,-10.484
55 Cnc e,55 Cnc,133.1468373,28.3298154,12.5855,0.0124,-0.0123
CoRoT-26 b,CoRoT-26,279.7504991,6.9697828,1045.18,,
Kepler-750 c,Kepler-750,289.0968274,44.004364,1296.02,33.645,-33.645
XO-4 b,XO-4,110.3880285,58.2681094,272.655,2.914,-2.855
Kepler-164 d,Kepler-164,287.7808115,47.6298453,890.758,13.684,-13.284
KELT-9 b,KELT-9,307.8598998,39.9389161,204.455,1.582,-1.558
MOA-2013-BLG-220L b,MOA-2013-BLG-220L,270.985417,-29.5447222,6500.0,,
Kepler-399 c,Kepler-399,299.5017242,40.6707669,740.537,,
55 Cnc e,55 Cnc,133.1468373,28.3298154,12.5855,0.0124,-0.0123
Kepler-1154 c,Kepler-1154,297.4771158,39.8772345,1460.1,44.73,-42.19
Kepler-1061 b,Kepler-1061,296.2300306,50.2752091,543.375,4.391,-4.323
K2-353 b,K2-353,201.6168564,-2.2819018,268.515,3.729,-3.629
Kepler-974 b,Kepler-974,285.0131082,40.2209547,134.311,0.447,-0.444
Kepler-661 b,Kepler-661,283.7107463,47.8631748,534.788,10.055,-9.697
WASP-3 b,WASP-3,278.6317411,35.6614312,231.161,1.648,-1.625
Kepler-1649 c,Kepler-1649,292.5029676,41.8299933,92.1913,0.5489,-0.5425
Kepler-1389 b,Kepler-1389,285.7174414,44.7583487,497.093,4.7,-4.7
TOI-2120 b,TOI-2120,23.507315,65.5139877,32.1755,0.0529,-0.0528
Kepler-1624 b,Kepler-1624,292.5798564,37.3762616,258.979,2.984,-2.918
HD 2685 b,HD 2685,7.3289156,-76.304032,196.852,0.777,-0.771
K2-75 c,K2-75,338.844896,-7.469895,561.93,15.381,-14.596
Kepler-245 d,Kepler-245,291.6389972,42.4363482,861.527,26.041,-24.582
K2-397 b,K2-397,79.9516586,21.2591617,199.354,1.598,-1.574
Kepler-107 c,Kepler-107,297.028162,48.2086019,525.997,5.697,-5.577
Kepler-1319 b,Kepler-1319,290.9564463,49.3667933,103.917,0.355,-0.353
Kepler-779 b,Kepler-779,285.6285208,44.3107855,283.155,2.6135,-2.6135
Kepler-102 c,Kepler-102,281.4824731,47.2078263,107.796,0.22,-0.219
Kepler-990 b,Kepler-990,297.9381813,46.8813194,802.163,12.304,-12.304
WASP-76 b,WASP-76,26.632936,2.700389,194.459,6.206,-5.839
Kepler-1513 b,Kepler-1513,289.7917561,39.2852655,349.247,2.57,-2.533
Kepler-1132 b,Kepler-1132,286.3675188,48.4238906,867.931,21.59,-20.584
Kepler-1608 b,Kepler-1608,295.563555,39.41757,,,
K2-31 b,K2-31,245.4405531,-23.548273,110.527,0.72,-0.712
Kepler-31 c,Kepler-31,294.0230229,45.8530535,1664.64,64.34,-64.34
Kepler-915 b,Kepler-915,290.5921293,45.7372184,849.036,9.92,-9.698
Kepler-311 c,Kepler-311,282.0612731,47.0854984,778.654,9.2165,-9.2165
Kepler-619 c,Kepler-619,290.8490899,48.4159782,900.678,16.3815,-16.3815
Kepler-415 b,Kepler-415,293.8045041,38.6390517,530.487,10.859,-10.859
Kepler-104 b,Kepler-104,287.6046621,42.1665104,400.785,4.483,-4.386
MOA-2022-BLG-249L b,MOA-2022-BLG-249L,268.8655417,-28.3060611,2000.0,420.0,-420.0
K2-279 b,K2-279,204.7792935,-6.0417592,182.983,1.608,-1.579
Kepler-1991 b,Kepler-1991,285.0360506,45.0709909,855.82,14.365,-13.906
Kepler-1534 b,Kepler-1534,292.395373,43.8691326,,,
Kepler-154 f,Kepler-154,289.7805393,49.8965624,915.212,16.92,-16.327
TOI-2379 b,TOI-2379,358.0920465,-53.043156,211.247,1.0895,-1.0895
Kepler-607 c,Kepler-607,291.0571451,44.632306,519.122,5.407,-5.407
TrES-4 b,TrES-4,268.3043361,37.2117397,515.98,7.027,-6.843
Kepler-575 b,Kepler-575,286.9638856,37.8296147,853.977,14.787,-14.301
Kepler-352 c,Kepler-352,299.8966237,46.0519022,252.733,1.399,-1.383
Kepler-402 e,Kepler-402,288.3701976,43.3546109,625.339,7.385,-7.217
Kepler-780 b,Kepler-780,281.7663511,44.2924898,557.652,,
Kepler-900 b,Kepler-900,296.177272,46.9989635,487.525,5.153,-5.048
Kepler-50 b,Kepler-50,288.1009312,50.0336844,250.11,1.876,-1.848
TOI-615 b,TOI-615,133.4086892,-40.543701,360.408,3.993,-3.909
Kepler-1555 b,Kepler-1555,287.6354587,45.7160327,2013.27,122.23,-109.27
K2-38 c,K2-38,240.0333095,-23.1894196,192.69,2.669,-2.597
Kepler-711 b,Kepler-711,297.4600468,42.8398172,624.575,11.327,-10.937
Kepler-798 b,Kepler-798,292.4782785,42.1422821,972.274,17.781,-17.781
K2-260 b,K2-260,76.8673317,16.8676948,663.834,19.395,-18.342
Kepler-200 b,Kepler-200,284.4099503,41.2374928,665.912,7.1445,-7.1445
Kepler-305 b,Kepler-305,299.2242557,40.343167,868.477,26.64,-25.126
Kepler-576 b,Kepler-576,295.1828896,38.6542028,617.55,11.337,-10.943
OGLE-2018-BLG-0977L b,OGLE-2018-BLG-0977L,268.506125,-30.6048056,6500.0,1200.0,-2200.0
Kepler-118 b,Kepler-118,299.2131881,41.4248195,574.228,6.899,-6.741
Kepler-139 d,Kepler-139,282.3919451,43.8894167,391.038,4.238,-4.149
Kepler-274 b,Kepler-274,292.9227926,38.4772173,1333.62,42.77,-42.77
Kepler-51 c,Kepler-51,296.4797624,49.9376486,783.831,13.669,-13.218
Kepler-293 b,Kepler-293,286.3580611,42.4064917,974.633,23.282,-22.238
HD 240237 b,HD 240237,348.9259334,58.0432233,933.377,31.9885,-31.9885
gam Lib c,gam Lib,233.8818636,-14.789502,47.4017,0.90845,-0.90845
Kepler-134 c,Kepler-134,284.7391156,49.5984448,334.797,2.404,-2.371
Kepler-1140 b,Kepler-1140,281.6940529,46.946521,656.48,10.986,-10.636
Kepler-256 d,Kepler-256,292.58042,46.0973588,1026.43,24.19,-23.11
HD 156279 b,HD 156279,258.0966686,63.3527828,36.1945,0.0361,-0.0359
Kepler-1932 b,Kepler-1932,285.3314903,41.0638435,713.733,13.178,-12.717
Kepler-871 b,Kepler-871,294.5270634,43.3681317,1976.05,146.09,-127.6
Kepler-21 b,Kepler-21,287.3619673,38.7141384,108.522,0.385,-0.382
Kepler-245 c,Kepler-245,291.6389972,42.4363482,861.527,26.041,-24.582
Kepler-1892 b,Kepler-1892,299.081007,42.0180957,851.595,25.704,-24.265
K2-375 b,K2-375,130.5013137,20.3593003,696.1,22.17,-20.865
Kepler-1680 b,Kepler-1680,297.0746571,39.9338893,310.315,1.55,-1.535
GJ 676 A d,GJ 676 A,262.5448903,-51.6377777,16.0272,0.0101,-0.0101
Kepler-633 c,Kepler-633,295.2173259,40.5921599,680.54,,
Kepler-256 e,Kepler-256,292.58042,46.0973588,1026.43,24.19,-23.11
HAT-P-21 b,HAT-P-21,171.2749348,41.0280207,277.278,3.215,-3.144
CoRoT-7 c,CoRoT-7,100.9561682,-1.0630076,159.906,0.917,-0.906
TOI-1273 b,TOI-1273,214.1208564,58.3902534,177.118,1.222,-1.206
Kepler-80 d,Kepler-80,296.1125759,39.9787451,369.451,2.8945,-2.8945
Kepler-1303 b,Kepler-1303,284.287147,42.3555784,897.783,22.027,-21.014
KOI-351 d,KOI-351,284.4334642,49.3051239,848.254,10.8185,-10.8185
Kepler-586 b,Kepler-586,293.0571982,45.5511266,693.766,10.3935,-10.3935
Kepler-25 c,Kepler-25,286.6383905,39.4879038,243.249,1.414,-1.397
Kepler-375 b,Kepler-375,288.6178715,48.0983639,1238.81,54.45,-50.12
Kepler-1663 b,Kepler-1663,290.4015156,48.8227234,337.926,3.407,-3.407
Kepler-292 b,Kepler-292,295.7661979,42.4242822,1056.48,45.79,-42.19
Kepler-887 c,Kepler-887,290.0907893,39.8169085,886.588,12.515,-12.177
Kepler-356 c,Kepler-356,292.4210998,37.6827919,707.559,10.503,-10.205
Kepler-421 b,Kepler-421,283.2568116,45.0876823,348.558,2.039,-2.015
Kepler-29 c,Kepler-29,298.348382,47.4913021,832.532,26.3765,-26.3765
Kepler-1828 b,Kepler-1828,292.4275963,37.3207616,871.81,17.8935,-17.8935
Kepler-1271 b,Kepler-1271,286.3442954,37.4119347,831.991,19.101,-18.277
HATS-46 b,HATS-46,6.7026401,-56.3161021,453.808,3.927,-3.861
Kepler-1330 b,Kepler-1330,290.5767116,39.9568913,1720.48,68.88,-63.86
Kepler-68 c,Kepler-68,291.0323102,49.0402129,144.166,0.436,-0.434
TRAPPIST-1 c,TRAPPIST-1,346.6263919,-5.0434618,,,
Kepler-982 b,Kepler-982,288.4176803,46.5904531,801.479,15.332,-14.778
Kepler-1104 b,Kepler-1104,294.4685197,49.3309789,530.658,12.837,-12.255
Kepler-772 b,Kepler-772,291.423582,38.2165603,1130.21,24.22,-24.22
Kepler-953 b,Kepler-953,288.9716297,44.6246451,258.893,,
WASP-183 b,WASP-183,163.7888521,-0.7370663,325.377,3.979,-3.885
HD 196050 b,HD 196050,309.4637796,-60.6347649,50.6742,0.1021,-0.1017
Kepler-433 b,Kepler-433,297.5936232,40.9772546,1878.31,77.94,-72.07
HD 211810 b,HD 211810,334.5286724,61.1349912,64.6353,0.131,-0.1304
HD 77946 b,HD 77946,136.777644,46.6724251,99.451,0.3632,-0.3607
Kepler-27 d,Kepler-27,292.2367608,41.085871,1044.36,39.645,-39.645
Kepler-870 b,Kepler-870,295.4025625,50.4785992,1259.46,42.865,-42.865
Kepler-171 b,Kepler-171,296.7719082,41.7555958,863.855,18.329,-18.329
Kepler-1839 b,Kepler-1839,294.2244432,50.0755761,1136.6,24.98,-23.95
HD 141399 d,HD 141399,236.7235392,46.986288,37.0169,0.033,-0.0329
HD 104067 b,HD 104067,179.7923543,-20.3556058,20.3632,0.0245,-0.0244
Kepler-249 d,Kepler-249,296.9853002,43.6586043,190.401,1.2195,-1.2195
Kepler-115 b,Kepler-115,297.7119299,45.261985,623.609,7.021,-6.869
KOI-94 c,KOI-94,297.3330716,41.8911186,477.052,5.0,-4.899
Kepler-1855 b,Kepler-1855,283.4018628,41.5161554,,,
HATS-13 b,HATS-13,316.9614798,-26.0967205,421.855,8.501,-8.177
TOI-1194 b,TOI-1194,167.8214811,69.9647749,149.667,0.655,-0.649
Kepler-359 b,Kepler-359,293.2936129,42.1963497,1443.21,81.51,-73.38
Kepler-395 c,Kepler-395,293.5111889,45.1366252,421.382,8.0905,-8.0905
Kepler-167 d,Kepler-167,292.6585253,38.3455558,341.908,1.973,-1.973
CoRoT-24 b,CoRoT-24,101.922543,-3.7192892,591.555,16.043,-15.232
HD 160691 b,HD 160691,266.0361585,-51.8348751,15.5981,0.0296,-0.0294
Kepler-26 d,Kepler-26,284.9410627,46.5664505,335.307,3.0565,-3.0565
Kepler-272 d,Kepler-272,299.1275257,47.5938319,889.608,13.909,-13.909
Kepler-446 b,Kepler-446,282.2501047,44.921002,96.339,0.5141,-0.5087
Kepler-1158 b,Kepler-1158,292.2339048,41.5751832,1484.25,36.935,-36.935
Kepler-1739 b,Kepler-1739,296.2320536,47.6788626,783.666,13.854,-13.388
Kepler-1336 b,Kepler-1336,296.2776587,46.8998006,1126.64,22.84,-22.84
HAT-P-55 b,HAT-P-55,264.2735096,25.7311468,511.388,3.634,-3.585
Kepler-1786 b,Kepler-1786,292.5877743,38.5219827,863.909,13.303,-13.303
Kepler-380 c,Kepler-380,282.3947017,48.7591334,813.713,14.549,-14.055
Kepler-1989 b,Kepler-1989,290.7351869,44.091262,1252.13,33.33,-31.68
Kepler-1518 b,Kepler-1518,300.3323404,44.9861065,903.51,12.124,-11.812
K2-369 b,K2-369,329.7262534,-10.8750666,185.55,1.833,-1.798
Kepler-1424 b,Kepler-1424,290.9916648,40.2293347,661.421,,
KOI-351 h,KOI-351,284.4334642,49.3051239,848.254,10.8185,-10.8185
Kepler-1080 b,Kepler-1080,296.4644914,49.1828952,1382.82,26.61,-26.61
WASP-39 b,WASP-39,217.3266477,-3.4444994,213.982,1.76,-1.731
Kepler-1919 b,Kepler-1919,283.1319153,43.956005,1177.53,52.74,-48.48
Kepler-260 b,Kepler-260,291.9259658,38.0140525,627.365,7.2615,-7.2615
Kepler-659 b,Kepler-659,287.6081777,47.5096893,722.64,15.132,-14.535
Kepler-394 d,Kepler-394,296.3019792,50.6723115,1058.72,24.62,-23.54
HD 25015 b,HD 25015,59.4335463,-20.2673347,37.433,0.0689,-0.0687
Kepler-18 c,Kepler-18,298.0794448,44.746248,433.047,3.204,-3.158
Kepler-989 b,Kepler-989,281.5827983,47.2334674,491.978,4.72,-4.632
Kepler-744 b,Kepler-744,296.4960493,47.1827848,449.964,4.768,-4.768
K2-48 b,K2-48,176.1233077,3.2723812,313.764,2.856,-2.856
Kepler-76 b,Kepler-76,294.1921185,39.6189727,822.96,10.435,-10.182
HAT-P-19 b,HAT-P-19,9.5165832,34.7114025,202.078,1.471,-1.451
Kepler-915 b,Kepler-915,290.5921293,45.7372184,849.036,9.92,-9.698
Kepler-1465 b,Kepler-1465,289.8194222,51.9048541,359.497,10.612,-10.03
Kepler-154 e,Kepler-154,289.7805393,49.8965624,915.212,16.92,-16.327
TOI-201 b,TOI-201,87.4017825,-54.910423,113.825,0.347,-0.345
Kepler-1337 b,Kepler-1337,287.0091176,46.7961229,601.629,11.759,-11.325
Kepler-783 b,Kepler-783,291.0628615,47.484789,516.09,4.699,-4.699
Kepler-306 d,Kepler-306,288.5387145,40.6160545,775.679,18.881,-18.02
Kepler-1879 b,Kepler-1879,289.3644209,41.5332589,627.171,8.988,-8.741
Kepler-248 c,Kepler-248,293.0613138,43.5813577,738.792,12.7425,-12.7425
Kepler-1838 b,Kepler-1838,298.9917165,40.14226,451.242,4.866,-4.765
Kepler-243 b,Kepler-243,285.1104819,42.0339619,693.86,9.796,-9.532
Kepler-213 b,Kepler-213,290.8241931,44.6472832,634.939,7.2715,-7.2715
WASP-114 b,WASP-114,327.6656953,10.4629385,523.337,17.342,-16.282
WASP-7 b,WASP-7,311.0427558,-39.2254856,162.303,1.296,-1.276
Kepler-1398 b,Kepler-1398,294.8661073,48.6389923,852.204,10.609,-10.609
Kepler-534 c,Kepler-534,296.4185696,49.540148,570.659,11.599,-11.155
HD 132406 b,HD 132406,224.2276121,53.3809615,70.7832,0.1387,-0.1381
Kepler-921 b,Kepler-921,284.6162253,49.1907438,934.49,17.7865,-17.7865
Kepler-1098 b,Kepler-1098,295.502673,43.2326992,1049.19,22.36,-21.46
KELT-2 A b,KELT-2 A,92.6640226,30.9571333,134.058,0.802,-0.793
Kepler-868 b,Kepler-868,282.3635315,46.6752384,1593.13,104.09,-92.3
6 Lyn b,6 Lyn,97.6960311,58.1611753,54.6599,0.2734,-0.2734
KMT-2017-BLG-1038L b,KMT-2017-BLG-1038L,266.170917,-25.1430306,6000.0,1300.0,-1700.0
Kepler-742 b,Kepler-742,283.8659676,46.7896522,489.253,6.325,-6.168
Kepler-412 b,Kepler-412,286.1103053,43.6809612,1086.24,19.16,-19.16
HD 93351 b,HD 93351,161.6779279,-1.6885763,56.163,0.1261,-0.1257
Kepler-773 b,Kepler-773,290.8846217,38.0575539,547.026,4.308,-4.242
Kepler-626 b,Kepler-626,288.6986828,39.7082044,635.643,6.5075,-6.5075
Kepler-1104 b,Kepler-1104,294.4685197,49.3309789,530.658,12.837,-12.255
Kepler-1289 b,Kepler-1289,296.388767,41.040509,1053.57,21.285,-21.285
Kepler-1696 b,Kepler-1696,295.5761011,42.0233639,1506.36,71.83,-65.68
Kepler-18 d,Kepler-18,298.0794448,44.746248,433.047,3.204,-3.158
Kepler-660 b,Kepler-660,288.1382985,47.7245642,568.431,9.063,-8.788
Kepler-886 b,Kepler-886,286.2717162,43.5952037,711.297,7.1515,-7.1515
HD 10180 e,HD 10180,24.4731133,-60.5114881,38.9607,0.0387,-0.0386
Kepler-103 c,Kepler-103,288.9845512,40.0644857,494.832,5.894,-5.758
Kepler-1363 b,Kepler-1363,296.9964872,49.2563228,541.714,6.523,-6.523
Kepler-121 c,Kepler-121,286.1621273,39.6780204,510.523,6.17,-6.027
Kepler-68 b,Kepler-68,291.0323102,49.0402129,144.166,0.436,-0.434
Kepler-1107 b,Kepler-1107,291.049934,39.141674,428.798,4.232,-4.232
Kepler-389 c,Kepler-389,291.9600082,44.9000587,816.559,22.3,-21.163
Kepler-1177 b,Kepler-1177,286.6714813,49.4062964,1299.97,34.42,-32.72
HD 47366 b,HD 47366,99.4200181,-12.9856593,84.3552,0.456,-0.456
Kepler-1476 b,Kepler-1476,284.5320743,43.9898971,1002.74,28.66,-27.14
TOI-561 b,TOI-561,148.1851516,6.216103,85.799,0.4988,-0.4932
Kepler-215 e,Kepler-215,294.9735313,45.2136867,485.997,3.654,-3.654
Kepler-562 b,Kepler-562,290.1196007,46.2737393,992.769,22.951,-21.958
Kepler-1717 b,Kepler-1717,295.2126472,49.56216,1008.79,17.66,-17.085
Kepler-624 b,Kepler-624,295.1933631,39.5396946,748.188,11.8425,-11.8425
Kepler-394 c,Kepler-394,296.3019792,50.6723115,1058.72,24.62,-23.54
Kepler-149 c,Kepler-149,285.8537014,38.3840916,571.034,5.715,-5.715
Kepler-892 b,Kepler-892,283.1296399,43.8880983,570.727,11.432,-10.999
Kepler-131 b,Kepler-131,288.5308924,40.942373,228.678,1.431,-1.413
TOI-1135 b,TOI-1135,193.3963704,85.1294952,114.048,0.308,-0.306
HD 17674 b,HD 17674,42.7684964,30.2865981,44.4264,0.0861,-0.0859
Kepler-652 b,Kepler-652,288.0080899,46.4736108,394.55,2.154,-2.131
Kepler-365 c,Kepler-365,295.626564,49.130411,1038.99,,
HAT-P-1 b,HAT-P-1,344.4453632,38.674919,158.979,0.977,-0.965
Kepler-1065 b,Kepler-1065,294.511319,38.7904648,1122.48,46.56,-43.05
Kepler-566 b,Kepler-566,291.5544735,47.8144362,564.277,8.5675,-8.5675
Kepler-360 c,Kepler-360,286.2847077,44.7815817,876.044,15.581,-15.054
Kepler-98 b,Kepler-98,285.6616933,37.9645672,350.315,2.978,-2.929
HD 66141 b,HD 66141,120.5662825,2.3350265,68.1509,2.11345,-2.11345
Kepler-149 c,Kepler-149,285.8537014,38.3840916,571.034,5.715,-5.715
Kepler-822 b,Kepler-822,292.2760929,39.5501136,860.391,13.615,-13.204
Kepler-251 d,Kepler-251,296.5662171,44.1058077,924.625,27.219,-25.73
Kepler-9 b,Kepler-9,285.5739904,38.4008192,628.257,6.7435,-6.7435
Kepler-648 b,Kepler-648,283.8996207,45.0169137,636.03,7.848,-7.848
Kepler-1152 b,Kepler-1152,290.4341483,44.1077802,215.233,0.9025,-0.9025
Kepler-1305 b,Kepler-1305,297.3394624,46.3472165,1575.23,91.2,-81.89
Kepler-445 c,Kepler-445,298.7363395,46.4991236,127.201,0.995,-0.995
NGTS-1 b,NGTS-1,82.7142134,-36.6309812,218.121,1.037,-1.037
Kepler-167 d,Kepler-167,292.6585253,38.3455558,341.908,1.973,-1.973
Kepler-603 c,Kepler-603,294.2809679,42.2909295,1539.63,96.82,-96.82
Kepler-709 b,Kepler-709,292.105272,42.3803077,664.843,11.739,-11.739
Kepler-1929 b,Kepler-1929,299.5833362,47.4481244,508.201,5.599,-5.48
Kepler-1236 b,Kepler-1236,295.6247375,42.5458739,999.64,38.08,-35.429
Kepler-1770 b,Kepler-1770,299.2502851,43.4103663,582.942,5.861,-5.748
GJ 740 b,GJ 740,284.4997178,5.902867,11.1017,0.00605,-0.00605
Kepler-238 f,Kepler-238,287.8971066,40.6378141,1798.75,75.21,-69.51
Kepler-1912 b,Kepler-1912,282.1178211,46.2239547,297.017,1.825,-1.803
Kepler-240 b,Kepler-240,291.1587635,40.7502108,746.927,20.15,-19.136
WASP-55 b,WASP-55,203.7581951,-17.5034961,297.462,3.959,-3.858
Kepler-975 b,Kepler-975,290.54851,38.4952415,426.088,3.564,-3.564
Kepler-419 b,Kepler-419,295.4179125,51.1847629,1011.36,25.41,-24.22
AU Mic d,AU Mic,311.2911369,-31.34245,9.7221,0.004625,-0.004625
Kepler-1946 b,Kepler-1946,282.3355387,42.8453417,1002.12,41.13,-38.067
Kepler-31 b,Kepler-31,294.0230229,45.8530535,1664.64,64.34,-64.34
Kepler-324 c,Kepler-324,286.4714473,49.6490933,501.574,3.681,-3.629
Kepler-450 d,Kepler-450,295.4865821,51.0135237,455.982,5.189,-5.074
HATS-58 A b,HATS-58 A,186.7873036,-48.9784105,403.591,,
Kepler-1712 b,Kepler-1712,284.998698,50.1466922,156.264,0.473,-0.473
WASP-157 b,WASP-157,201.6551525,-8.3176353,334.037,6.51,-6.27
Kepler-314 c,Kepler-314,294.6741507,42.0756037,268.881,1.78,-1.758
HIP 67522 b,HIP 67522,207.526001,-40.8358961,127.28,1.105,-1.087
Kepler-1672 b,Kepler-1672,297.9400971,40.2785566,391.181,4.512,-4.411
Kepler-190 b,Kepler-190,288.5839761,44.7337701,433.387,2.767,-2.733
Kepler-534 b,Kepler-534,296.4185696,49.540148,570.659,11.599,-11.155
Kepler-79 c,Kepler-79,300.5171067,44.3815508,1020.72,17.075,-17.075
Kepler-1628 b,Kepler-1628,281.6336936,43.4115547,,,
Kepler-84 d,Kepler-84,298.2520208,40.4960842,1023.9,,
HD 96127 b,HD 96127,166.441502,44.30155,587.659,25.455,-25.455
KOI-4777.01,KOI-4777,287.2621474,42.0322257,172.245,1.243,-1.226
Kepler-860 b,Kepler-860,295.5772681,46.2547028,1056.36,26.955,-26.955
55 Cnc b,55 Cnc,133.1468373,28.3298154,12.5855,0.0124,-0.0123
HAT-P-18 b,HAT-P-18,256.346376,33.0123251,161.4,0.61,-0.605
KOI-2513.01,KOI-2513,293.6688776,46.3792321,1369.87,,
TOI-1710 b,TOI-1710,94.2838373,76.21102,81.2271,0.1773,-0.1766
Kepler-537 b,Kepler-537,289.8805804,51.2769907,439.4,2.398,-2.372
WASP-142 b,WASP-142,140.5063164,-23.946102,730.933,24.175,-22.702
Kepler-401 c,Kepler-401,290.0827494,50.8634361,965.56,16.829,-16.272
Kepler-774 b,Kepler-774,291.0318604,38.211894,917.804,18.846,-18.115
Kepler-1081 b,Kepler-1081,289.444752,41.3179652,420.215,2.776,-2.776
K2-169 b,K2-169,337.0442461,-14.5993376,235.867,4.698,-4.522
Kepler-1448 b,Kepler-1448,287.8674123,50.5955846,768.903,10.2315,-10.2315
Kepler-186 f,Kepler-186,298.652736,43.9549884,177.594,0.774,-0.774
WASP-176 b,WASP-176,313.6872928,9.1790688,568.42,11.93,-11.458
Kepler-806 b,Kepler-806,296.0071956,44.8535698,361.896,2.925,-2.878
Kepler-248 b,Kepler-248,293.0613138,43.5813577,738.792,12.7425,-12.7425
HD 67087 b,HD 67087,121.9155672,31.5511553,76.5217,0.3315,-0.3287
TOI-1246 e,TOI-1246,251.1158702,70.4299917,169.422,0.673,-0.669
WASP-6 b,WASP-6,348.1571282,-22.6741248,197.119,1.632,-1.607
Kepler-589 c,Kepler-589,280.6414331,47.7520581,612.803,7.885,-7.692
Kepler-591 b,Kepler-591,286.024052,48.431729,785.137,11.113,-11.113
Kepler-1915 b,Kepler-1915,301.2786852,44.2505116,1514.66,79.11,-71.74
Kepler-276 b,Kepler-276,293.568197,39.0363123,1144.86,46.15,-42.76
HD 98219 b,HD 98219,169.4475218,-23.975488,113.704,0.578,-0.578
Kepler-146 b,Kepler-146,294.1107631,38.7102222,716.797,9.344,-9.344
Kepler-844 b,Kepler-844,287.8578541,48.7739646,431.776,9.0135,-9.0135
Kepler-22 b,Kepler-22,289.2172051,47.8841427,194.642,0.927,-0.918
Kepler-731 b,Kepler-731,296.3931945,45.568533,1257.16,50.52,-46.82
Kepler-190 b,Kepler-190,288.5839761,44.7337701,433.387,2.767,-2.733
HD 19994 b,HD 19994,48.1943193,-1.1963955,22.5242,0.1042,-0.1033
Kepler-1406 b,Kepler-1406,292.0818824,38.9149472,572.403,,
Kepler-800 b,Kepler-800,286.5747697,44.7951858,1019.26,33.22,-31.216
Kepler-887 c,Kepler-887,290.0907893,39.8169085,886.588,12.515,-12.177
GJ 1002 b,GJ 1002,1.6764641,-7.5462123,4.84867,0.00303,-0.00304
TOI-1807 b,TOI-1807,201.2826259,38.9223671,42.5775,0.0622,-0.062
Kepler-171 c,Kepler-171,296.7719082,41.7555958,863.855,18.329,-18.329
Kepler-691 b,Kepler-691,288.8117314,40.0332311,279.115,3.434,-3.353
Kepler-124 c,Kepler-124,286.7527322,49.0648788,420.046,3.047,-3.004
Kepler-174 c,Kepler-174,287.4389454,43.8320052,384.757,2.684,-2.684
Kepler-365 c,Kepler-365,295.626564,49.130411,1038.99,,
Kepler-1446 b,Kepler-1446,289.4240357,46.7260823,152.075,0.677,-0.671
Kepler-24 c,Kepler-24,290.4132621,38.3437283,1156.81,32.08,-32.08
Kepler-80 c,Kepler-80,296.1125759,39.9787451,369.451,2.8945,-2.8945
Kepler-1522 b,Kepler-1522,289.8432347,52.0702094,814.125,11.01,-11.01
HD 2638 b,HD 2638,7.4990038,-5.76496,54.9621,0.1556,-0.1547
Kepler-1544 b,Kepler-1544,297.2852168,49.2124526,335.09,1.666,-1.65
Kepler-399 d,Kepler-399,299.5017242,40.6707669,740.537,,
Kepler-107 c,Kepler-107,297.028162,48.2086019,525.997,5.697,-5.577
Kepler-431 c,Kepler-431,281.1123072,43.2277663,486.546,4.766,-4.677
Kepler-81 b,Kepler-81,293.6369437,42.8248275,348.291,3.1665,-3.1665
HAT-P-67 b,HAT-P-67,256.6107279,44.7768849,371.686,3.563,-3.497
Kepler-1935 b,Kepler-1935,296.4037783,39.7227036,904.702,14.764,-14.305
Kepler-326 d,Kepler-326,294.3255898,46.0022646,487.675,10.683,-10.683
Kepler-257 d,Kepler-257,297.3159994,46.0232642,780.256,17.54,-16.799
KOI-351 d,KOI-351,284.4334642,49.3051239,848.254,10.8185,-10.8185
Kepler-1291 b,Kepler-1291,289.3770051,40.0010791,897.352,27.335,-25.792
Kepler-174 b,Kepler-174,287.4389454,43.8320052,384.757,2.684,-2.684
Kepler-1456 b,Kepler-1456,286.9453381,43.8228023,370.312,4.089,-4.002
EPIC 220554210 c,K2-282,13.4321524,7.9952914,496.289,7.902,-7.663
Kepler-828 b,Kepler-828,286.8872555,42.4712271,575.322,6.575,-6.43
G 264-012 b,G 264-012,326.6719598,66.803848,16.009,0.0104,-0.0103
HD 152843 c,HD 152843,253.7848853,20.491524,107.898,0.318,-0.316
HD 189733 b,HD 189733,300.1821223,22.7097759,19.7638,0.0128,-0.0127
Kepler-1025 b,Kepler-1025,284.510214,43.9615628,803.776,25.075,-25.075
HD 106315 b,HD 106315,183.4724742,-0.3934357,109.353,0.691,-0.681
Kepler-50 b,Kepler-50,288.1009312,50.0336844,250.11,1.876,-1.848
Kepler-708 b,Kepler-708,293.8164588,42.2125159,1394.22,58.435,-58.435
Kepler-1035 b,Kepler-1035,289.042243,42.8824991,562.116,20.407,-19.048
Kepler-1058 b,Kepler-1058,294.5956256,45.8750556,491.997,,
HD 37124 c,HD 37124,84.2599947,20.7289784,31.6634,0.076,-0.0757
Kepler-347 b,Kepler-347,289.1995995,49.3056404,1298.88,28.87,-27.66
Kepler-249 b,Kepler-249,296.9853002,43.6586043,190.401,1.2195,-1.2195
Kepler-1666 b,Kepler-1666,297.9516071,46.2647024,1379.37,55.6,-51.51
Kepler-242 b,Kepler-242,286.5656932,41.8084168,600.241,11.342,-10.936
Kepler-835 b,Kepler-835,283.5742181,45.7348003,2406.33,273.9,-224.71
Kepler-1786 b,Kepler-1786,292.5877743,38.5219827,863.909,13.303,-13.303
Kepler-1550 b,Kepler-1550,287.7646113,38.2947076,1179.01,33.51,-31.74
Kepler-228 b,Kepler-228,296.2860853,48.2246328,1644.61,79.32,-72.46
OGLE-2016-BLG-0613L AB b,OGLE-2016-BLG-0613L AB,269.260406,-28.1161671,3190.0,1400.0,-1270.0
Kepler-837 b,Kepler-837,285.2467607,45.95011,901.907,18.362,-17.657
Kepler-58 d,Kepler-58,296.3586251,39.1152033,969.252,24.478,-23.32
Kepler-476 b,Kepler-476,295.1637592,43.9630716,813.535,,
Kepler-427 b,Kepler-427,288.2545808,43.7048379,1017.8,16.49,-15.98
Kepler-1592 b,Kepler-1592,293.850623,38.3977379,1639.47,70.14,-64.7
Kepler-1151 b,Kepler-1151,292.2477819,47.8784257,682.436,10.963,-10.963
Kepler-163 b,Kepler-163,295.0027458,46.9873389,689.814,9.8645,-9.8645
Kepler-296 b,Kepler-296,286.5400278,49.4372614,,,
Kepler-1259 b,Kepler-1259,297.8414628,46.9676288,805.562,16.688,-16.036
Kepler-339 b,Kepler-339,293.351701,48.4445922,616.637,9.3395,-9.3395
Kepler-316 b,Kepler-316,290.825835,44.1838993,384.938,3.914,-3.837
WASP-32 b,WASP-32,3.9617073,1.2005122,275.994,3.344,-3.267
Kepler-81 c,Kepler-81,293.6369437,42.8248275,348.291,3.1665,-3.1665
HD 33844 c,HD 33844,78.1505649,-14.9509775,105.779,0.383,-0.38
gam1 Leo b,gam1 Leo,154.993208,19.841389,39.8883,0.82736,-0.82736
K2-223 b,K2-223,185.306183,-10.2820915,198.604,2.567,-2.503
HD 134987 b,HD 134987,228.3675397,-25.3096721,26.1804,0.0516,-0.0515
Kepler-348 c,Kepler-348,297.2550814,40.5483883,570.783,8.034,-7.818
Kepler-543 b,Kepler-543,287.2187273,38.8625366,221.802,1.036,-1.027
Kepler-124 b,Kepler-124,286.7527322,49.0648788,420.046,3.047,-3.004
Kepler-174 b,Kepler-174,287.4389454,43.8320052,384.757,2.684,-2.684
Kepler-1554 b,Kepler-1554,286.576016,41.7415762,946.847,31.643,-29.695
K2-100 b,K2-100,129.6010863,20.1060074,188.959,2.471,-2.41
Kepler-1841 b,Kepler-1841,287.7069031,40.6852161,631.7,7.422,-7.255
Kepler-527 b,Kepler-527,290.957913,47.4062673,750.04,7.677,-7.526
Kepler-768 b,Kepler-768,294.1156858,38.3934378,784.56,19.731,-18.802
K2-27 b,K2-27,171.5151874,1.2306237,249.645,2.489,-2.441
K2-101 b,K2-101,130.3439097,18.9338205,188.33,2.128,-2.082
Kepler-1006 b,Kepler-1006,295.7542063,42.5373065,,,
Kepler-36 b,Kepler-36,291.2501859,49.2318073,527.956,6.105,-5.969
HD 216520 c,HD 216520,341.8768719,83.6975307,19.552,0.0113,-0.0113
Kepler-1938 b,Kepler-1938,299.351892,41.1957285,421.152,4.639,-4.54
Kepler-1518 c,Kepler-1518,300.3323404,44.9861065,903.51,12.124,-11.812
Kepler-541 b,Kepler-541,294.1496529,38.458207,1060.68,16.64,-16.14
55 Cnc d,55 Cnc,133.1468373,28.3298154,12.5855,0.0124,-0.0123
Kepler-122 d,Kepler-122,291.1118647,39.9490248,1027.45,19.32,-18.64
Kepler-548 b,Kepler-548,299.9059167,45.4396103,751.776,13.0105,-13.0105
Kepler-1385 b,Kepler-1385,282.6313559,46.481022,688.795,15.953,-15.259
Kepler-1111 b,Kepler-1111,295.4634045,45.8127697,841.536,15.759,-15.759
Kepler-1145 b,Kepler-1145,295.3081524,43.0444026,691.961,14.588,-14.007
Kepler-979 b,Kepler-979,300.3712023,46.4081872,576.503,7.0565,-7.0565
HAT-P-40 b,HAT-P-40,335.5129199,45.4573423,464.469,6.537,-6.361
HD 50499 b,HD 50499,103.008075,-33.915267,46.2845,0.0557,-0.0555
Kepler-82 c,Kepler-82,292.8733696,42.9661583,904.326,22.0875,-22.0875
Kepler-367 b,Kepler-367,297.292558,49.9817499,188.027,0.86,-0.854
Kepler-1725 b,Kepler-1725,294.3735518,40.1946345,558.652,5.528,-5.423
Kepler-1762 b,Kepler-1762,290.4931471,39.7855117,1663.74,87.74,-79.51
HR 8799 e,HR 8799,346.8701486,21.1340376,41.2441,0.1515,-0.1505
Kepler-341 c,Kepler-341,289.8615609,43.4727412,1047.03,20.51,-19.76
Kepler-254 c,Kepler-254,288.1646541,45.8164257,1389.48,75.41,-68.16
tau Boo b,tau Boo,206.8134593,17.4571647,15.6521,0.0847,-0.0838
HATS-12 b,HATS-12,289.202402,-19.3559227,746.138,,
Kepler-980 b,Kepler-980,294.6129869,45.060174,961.468,16.671,-16.671
TOI-1268 b,TOI-1268,198.3885831,62.3053799,109.557,0.545,-0.54
HD 3167 c,HD 3167,8.7401487,4.3807215,47.2899,0.1485,-0.1475
TOI-2427 b,TOI-2427,52.2917315,-31.3628665,28.5147,0.0278,-0.0278
WASP-4 b,WASP-4,353.5629149,-42.0617794,267.206,3.771,-3.67
Kepler-1089 b,Kepler-1089,291.0926509,49.1901729,259.328,2.538,-2.49
Kepler-756 b,Kepler-756,290.6079736,41.201094,,,
Kepler-836 b,Kepler-836,287.4527659,45.7043964,980.035,21.455,-20.575
Kepler-78 b,Kepler-78,293.7419543,44.4482521,124.376,0.33,-0.329
Kepler-1261 b,Kepler-1261,285.2324786,48.8066963,744.294,14.018,-14.018
Kepler-1073 c,Kepler-1073,294.1527259,38.2330886,809.897,13.14,-12.733
Kepler-281 b,Kepler-281,294.1081465,44.7706524,1745.45,104.77,-93.73
WASP-19 b,WASP-19,148.4167672,-45.6591078,268.325,1.72,-1.698
Kepler-951 b,Kepler-951,287.7375794,38.1146488,382.509,3.467,-3.406
Kepler-540 b,Kepler-540,290.6249953,44.8737757,390.374,3.992,-3.914
Kepler-823 b,Kepler-823,284.5825682,39.2201737,1389.27,42.65,-40.21
Kepler-1818 b,Kepler-1818,284.3284866,40.5688741,1034.59,22.75,-21.82
Kepler-1505 b,Kepler-1505,292.0020614,41.7869639,495.148,8.332,-8.064
Kepler-390 c,Kepler-390,291.6288086,41.2088351,435.277,3.725,-3.725
Kepler-1610 c,Kepler-1610,295.9049795,45.4054296,864.331,24.2205,-24.2205
Kepler-1892 b,Kepler-1892,299.081007,42.0180957,851.595,25.704,-24.265
Kepler-1650 b,Kepler-1650,297.7292296,42.8666919,134.397,0.725,-0.717
K2-22 b,K2-22,169.4827046,2.6190363,243.836,2.7975,-2.7975
Kepler-415 c,Kepler-415,293.8045041,38.6390517,530.487,10.859,-10.859
Kepler-304 c,Kepler-304,294.4418031,40.5575408,434.684,5.295,-5.171
Kepler-1925 b,Kepler-1925,289.8287452,45.1026883,1771.31,81.0,-74.34
Kepler-1749 b,Kepler-1749,290.2945805,45.5645196,268.2,1.4035,-1.4035
Kepler-376 b,Kepler-376,291.6071451,38.4103192,923.067,16.189,-16.189
Kepler-1754 b,Kepler-1754,295.4570818,50.0771838,718.945,21.743,-20.523
HR 8799 d,HR 8799,346.8701486,21.1340376,41.2441,0.1515,-0.1505
Kepler-28 c,Kepler-28,292.1370409,42.4294835,438.359,4.6705,-4.6705
HATS-65 b,HATS-65,292.9397825,-26.7402021,493.32,12.619,-12.015
Kepler-48 d,Kepler-48,299.1393094,40.948939,306.738,1.825,-1.804
Kepler-317 b,Kepler-317,294.9438822,39.0320499,940.584,26.129,-24.777
Kepler-713 b,Kepler-713,295.6513819,43.0297781,1089.87,32.81,-30.98
Kepler-1624 b,Kepler-1624,292.5798564,37.3762616,258.979,2.984,-2.918
Kepler-924 b,Kepler-924,290.6685136,40.3977086,1053.04,22.09,-21.21
Kepler-1033 b,Kepler-1033,283.8450963,44.6090251,1455.5,88.58,-79.14
Kepler-154 d,Kepler-154,289.7805393,49.8965624,915.212,16.92,-16.327
Kepler-1565 b,Kepler-1565,297.9529793,40.8067876,629.93,11.596,-11.192
TOI-1181 b,TOI-1181,297.2158166,64.3543506,302.819,3.542,-3.462
Kepler-478 b,Kepler-478,292.4870063,46.196187,,,
Kepler-705 b,Kepler-705,289.5085612,41.8120234,276.881,3.858,-3.755
KOI-351 g,KOI-351,284.4334642,49.3051239,848.254,10.8185,-10.8185
Kepler-585 b,Kepler-585,286.5284924,43.8733751,585.187,5.537,-5.537
Kepler-321 b,Kepler-321,294.4536991,44.1457626,384.542,3.389,-3.331
Kepler-111 b,Kepler-111,291.653163,44.6882613,657.223,6.014,-5.908
Kepler-1323 b,Kepler-1323,292.8722515,46.098729,465.417,4.879,-4.78
KMT-2022-BLG-0371L b,KMT-2022-BLG-0371L,265.3619167,-34.6986694,7140.0,1070.0,-1340.0
KOI-1833 d,Kepler-968,285.6025889,50.1120401,290.324,1.448,-1.435
K2-285 b,K2-285,349.3843458,1.3001522,154.961,1.161,-1.144
HATS-43 b,HATS-43,80.5382418,-30.9708179,362.273,2.259,-2.232
Kepler-76 b,Kepler-76,294.1921185,39.6189727,822.96,10.435,-10.182
Kepler-385 b,Kepler-385,294.3385109,50.3365178,1432.61,47.63,-44.72
HD 187123 c,HD 187123,296.7428786,34.41899,45.9548,0.0716,-0.0714
Kepler-1311 d,Kepler-1311,289.6512597,43.8244445,866.331,13.474,-13.074
Kepler-1044 b,Kepler-1044,293.1444017,46.6662155,1278.96,41.32,-41.32
Kepler-56 c,Kepler-56,293.7583002,41.871807,912.994,23.5465,-23.5465
TOI-1823 b,TOI-1823,196.2197201,63.753261,71.6456,0.1151,-0.1148
Kepler-113 c,Kepler-113,287.9978721,50.9441847,262.351,1.117,-1.107
Kepler-1785 b,Kepler-1785,295.7921797,47.6000699,745.74,10.685,-10.393
Qatar-4 b,Qatar-4,4.859275,44.0275965,329.036,2.891,-2.843
KOI-94 c,KOI-94,297.3330716,41.8911186,477.052,5.0,-4.899
KMT-2021-BLG-1898L b,KMT-2021-BLG-1898L,265.691875,-27.3758389,6900.0,900.0,-1300.0
Kepler-207 c,Kepler-207,290.0305195,42.1660555,875.519,9.893,-9.679
Kepler-52 d,Kepler-52,286.7380152,49.9757383,321.542,2.42,-2.383
Kepler-1985 b,Kepler-1985,293.5663715,42.1325825,,,
Kepler-273 b,Kepler-273,291.3021458,47.6976573,713.964,11.293,-10.952
Kepler-291 b,Kepler-291,287.9163029,42.4372666,1786.48,115.5,-102.53
Kepler-25 c,Kepler-25,286.6383905,39.4879038,243.249,1.414,-1.397
Kepler-885 b,Kepler-885,288.6615682,49.7371538,651.318,8.863,-8.632
Kepler-702 b,Kepler-702,293.8781041,41.6617245,992.071,29.1865,-29.1865
Kepler-973 b,Kepler-973,290.1653203,49.9238126,328.52,4.72,-4.591
Kepler-9 b,Kepler-9,285.5739904,38.4008192,628.257,6.7435,-6.7435
WASP-35 b,WASP-35,76.0818912,-6.2297801,202.218,1.698,-1.669
Kepler-1624 b,Kepler-1624,292.5798564,37.3762616,258.979,2.984,-2.918
Kepler-446 b,Kepler-446,282.2501047,44.921002,96.339,0.5141,-0.5087
HATS-4 b,HATS-4,94.1120914,-22.5468824,416.459,2.726,-2.691
Kepler-1106 b,Kepler-1106,291.1451576,44.0624715,1090.7,23.91,-22.92
Kepler-332 c,Kepler-332,286.6627811,47.4136938,344.19,1.817,-1.799
Kepler-800 b,Kepler-800,286.5747697,44.7951858,1019.26,33.22,-31.216
Kepler-705 b,Kepler-705,289.5085612,41.8120234,276.881,3.858,-3.755
Kepler-300 c,Kepler-300,295.2886934,48.5997243,1098.45,19.84,-19.16
Kepler-28 b,Kepler-28,292.1370409,42.4294835,438.359,4.6705,-4.6705
Kepler-1641 c,Kepler-1641,296.359456,41.5745321,860.37,16.718,-16.104
OGLE-2012-BLG-0406L b,OGLE-2012-BLG-0406L,268.325708,-30.4711667,4970.0,290.0,-290.0
WASP-170 b,WASP-170,135.4163028,-20.7203686,305.603,3.71,-3.623
HD 159868 b,HD 159868,264.7466665,-43.1462347,55.8503,0.1669,-0.166
Kepler-444 d,Kepler-444,289.7528323,41.631884,36.4396,0.0395,-0.0394
Kepler-40 b,Kepler-40,296.8136883,47.5265446,2305.01,131.34,-118.14
Kepler-1605 b,Kepler-1605,287.1349405,47.4886251,546.23,6.6415,-6.6415
Kepler-1714 b,Kepler-1714,293.7164655,46.2266878,409.46,4.267,-4.181
Kepler-726 b,Kepler-726,291.7172776,44.8873466,762.081,14.252,-13.748
Kepler-14 b,Kepler-14,287.708814,47.33305,,,
Kepler-967 c,Kepler-967,286.5580128,38.4052418,568.546,,
Kepler-55 d,Kepler-55,285.1683291,44.0264898,578.796,9.604,-9.3
Kepler-1586 b,Kepler-1586,298.2026236,44.9258585,552.55,4.562,-4.489
Kepler-902 b,Kepler-902,289.7317067,46.953875,1165.34,48.64,-44.97
Kepler-1470 b,Kepler-1470,288.6949475,39.8830802,590.601,8.649,-8.407
Kepler-804 b,Kepler-804,293.3722109,44.7851812,649.65,6.4095,-6.4095
Kepler-17 b,Kepler-17,298.3952437,47.8149865,720.753,10.343,-10.343
Kepler-990 c,Kepler-990,297.9381813,46.8813194,802.163,12.304,-12.304
Kepler-133 b,Kepler-133,297.2778906,48.3203542,653.6,19.746,-18.64
Kepler-196 b,Kepler-196,284.9685077,42.0791214,451.312,3.157,-3.115
Kepler-95 b,Kepler-95,284.4824281,44.397891,445.656,5.783,-5.64
K2-239 b,K2-239,160.5941265,4.4413751,31.0849,0.0831,-0.0826
Kepler-276 c,Kepler-276,293.568197,39.0363123,1144.86,46.15,-42.76
Kepler-29 b,Kepler-29,298.348382,47.4913021,832.532,26.3765,-26.3765
Kepler-1577 b,Kepler-1577,292.9552704,47.5730433,510.029,6.634,-6.469
Kepler-128 c,Kepler-128,282.4922622,43.9802442,396.379,3.947,-3.872
HD 141399 d,HD 141399,236.7235392,46.986288,37.0169,0.033,-0.0329
Kepler-311 b,Kepler-311,282.0612731,47.0854984,778.654,9.2165,-9.2165
Kepler-161 c,Kepler-161,290.5164698,43.0838642,434.632,3.1,-3.056
HAT-P-16 b,HAT-P-16,9.5730343,42.4630961,226.637,4.471,-4.305
V1298 Tau b,V1298 Tau,61.331654,20.1570318,108.199,0.704,-0.696
Kepler-669 b,Kepler-669,291.9361615,49.2539473,2063.41,147.43,-129.4
Kepler-1639 b,Kepler-1639,283.068651,48.8021209,1031.31,19.55,-18.85
Kepler-684 b,Kepler-684,290.8704935,38.2735978,1731.27,89.345,-89.345
Kepler-297 d,Kepler-297,283.2091605,48.7776156,692.14,8.083,-7.901
Kepler-871 b,Kepler-871,294.5270634,43.3681317,1976.05,146.09,-127.6
Kepler-883 b,Kepler-883,286.433726,50.3002266,627.455,7.096,-6.941
OGLE-2017-BLG-1434L b,OGLE-2017-BLG-1434L,268.280365,-30.2457218,,,
Kepler-755 c,Kepler-755,296.8609348,41.0973178,399.034,2.6725,-2.6725
Kepler-1425 b,Kepler-1425,294.9510368,43.0124348,863.873,11.322,-11.322
Kepler-202 c,Kepler-202,282.9734874,41.3217991,285.111,1.1135,-1.1135
OGLE-2015-BLG-0051L b,OGLE-2015-BLG-0051L,269.662537,-28.0316944,8200.0,900.0,-900.0
TOI-5799 b,TOI-5799,301.630179,15.9891418,27.8123,0.02505,-0.02505
HAT-P-54 b,HAT-P-54,99.8979924,25.4824005,143.651,0.583,-0.579
Kepler-404 c,Kepler-404,286.3985796,45.3435241,812.524,14.656,-14.155
Kepler-337 b,Kepler-337,290.0605123,47.1639533,677.975,9.421,-9.171
Kepler-1359 b,Kepler-1359,289.538818,41.8928154,614.859,14.438,-13.8
Kepler-119 c,Kepler-119,295.9463854,42.6588324,701.996,12.463,-12.044
Kepler-511 b,Kepler-511,282.9455384,47.5749181,651.999,10.462,-10.143
Kepler-56 b,Kepler-56,293.7583002,41.871807,912.994,23.5465,-23.5465
Kepler-1403 b,Kepler-1403,290.8676391,38.9600779,2163.9,158.67,-138.78
Kepler-159 c,Kepler-159,297.0702037,40.868734,373.744,3.15,-3.099
TOI-198 b,TOI-198,2.2715087,-27.1217452,23.7262,0.02655,-0.02655
Kepler-1029 b,Kepler-1029,292.1328738,41.5474786,366.656,2.5695,-2.5695
Kepler-803 b,Kepler-803,299.2216728,44.6939033,639.771,6.587,-6.587
Kepler-370 c,Kepler-370,292.1710683,40.9162381,1167.94,35.395,-35.395
Kepler-1903 b,Kepler-1903,290.8882981,51.2481617,1775.44,79.1,-72.76
Kepler-1729 b,Kepler-1729,296.6939428,42.6261145,576.181,12.447,-11.94
Kepler-224 d,Kepler-224,290.9342679,47.3575414,782.088,18.719,-17.879
Kepler-244 c,Kepler-244,287.242641,42.3014185,1036.49,36.26,-33.93
Kepler-165 c,Kepler-165,280.69092,47.8096702,560.885,6.331,-6.193
HAT-P-14 b,HAT-P-14,260.1161719,38.2421682,222.663,1.257,-1.244
TOI-1052 b,TOI-1052,337.5102738,-75.6465606,129.804,0.56,-0.555
Kepler-1081 b,Kepler-1081,289.444752,41.3179652,420.215,2.776,-2.776
HD 149806 b,HD 149806,249.2855187,0.2546794,20.2727,0.0179,-0.0179
HD 187123 c,HD 187123,296.7428786,34.41899,45.9548,0.0716,-0.0714
Kepler-386 b,Kepler-386,289.8589165,48.6938077,882.462,29.384,-27.58
Kepler-288 b,Kepler-288,288.9163997,39.5947523,1194.15,34.44,-32.59
Kepler-1682 b,Kepler-1682,293.9835827,39.5728474,1159.85,46.04,-46.04
HAT-P-56 b,HAT-P-56,100.8480137,27.2521823,320.639,5.652,-5.463
Kepler-224 e,Kepler-224,290.9342679,47.3575414,782.088,18.719,-17.879
TOI-1408 b,TOI-1408,313.5110469,72.5806455,139.484,0.418,-0.417
TrES-1 b,TrES-1,286.0408755,36.632536,159.658,0.736,-0.73
Kepler-1157 b,Kepler-1157,283.1209268,43.5255701,342.144,2.416,-2.383
Kepler-671 b,Kepler-671,294.2657519,49.3140933,1168.26,43.81,-40.8
WASP-22 b,WASP-22,52.8180374,-23.8197924,317.652,5.638,-5.447
Kepler-754 b,Kepler-754,293.2541121,37.8461519,1770.27,84.735,-84.735
2MASS J03590986+2009361 b,2MASS J03590986+2009361,59.7911026,20.1599759,117.435,2.32,-2.233
DH Tau b,DH Tau,67.4231674,26.5493897,134.846,1.282,-1.258
Kepler-524 c,Kepler-524,296.8591787,49.1620125,1058.24,14.93,-14.93
TOI-4860 b,TOI-4860,183.563961,-13.1748411,80.1423,0.6481,-0.6379
Kepler-209 c,Kepler-209,291.1694567,42.6407281,576.946,5.5555,-5.5555
Kepler-1241 b,Kepler-1241,294.5762033,38.4569588,968.722,31.398,-29.522
WASP-95 b,WASP-95,337.4578243,-48.0030988,137.544,0.795,-0.786
Kepler-1148 b,Kepler-1148,290.9536059,45.7195545,625.692,10.668,-10.321
K2-32 c,K2-32,252.426008,-19.5430504,157.682,1.309,-1.288
Kepler-220 b,Kepler-220,291.5060432,46.8956262,171.109,0.637,-0.633
Kepler-376 c,Kepler-376,291.6071451,38.4103192,923.067,16.189,-16.189
HD 219828 b,HD 219828,349.6947029,18.6457524,73.114,0.357,-0.3536
Kepler-30 d,Kepler-30,285.2836483,38.9472625,914.221,27.0815,-27.0815
Kepler-1965 b,Kepler-1965,292.5147146,38.0219872,521.791,4.563,-4.563
Kepler-428 b,Kepler-428,290.5817432,40.5773106,686.284,15.431,-15.431
Kepler-290 d,Kepler-290,286.4100307,42.6815137,694.627,14.518,-13.946
GJ 436 b,GJ 436,175.5505363,26.7030669,9.75321,0.00898,-0.00896
WASP-72 b,WASP-72,41.0400779,-30.1690785,434.754,8.537,-8.221
OGLE-2012-BLG-0950L b,OGLE-2012-BLG-0950L,272.019257,-29.7315826,3400.0,800.0,-500.0
Kepler-18 b,Kepler-18,298.0794448,44.746248,433.047,3.204,-3.158
HAT-P-50 b,HAT-P-50,118.0634379,12.1393474,515.458,16.696,-15.697
K2-413 c,K2-413,353.4175668,-7.6120272,285.162,3.569,-3.483
Kepler-576 b,Kepler-576,295.1828896,38.6542028,617.55,11.337,-10.943
Kepler-95 b,Kepler-95,284.4824281,44.397891,445.656,5.783,-5.64
Kepler-1138 b,Kepler-1138,285.8993164,48.307285,872.328,22.717,-21.612
Kepler-157 c,Kepler-157,291.0972257,38.8756049,773.713,10.485,-10.485
Kepler-414 b,Kepler-414,297.9615616,48.2443363,413.46,3.023,-2.981
Kepler-930 b,Kepler-930,298.3144494,42.2473698,848.396,11.668,-11.668
Kepler-585 b,Kepler-585,286.5284924,43.8733751,585.187,5.537,-5.537
Kepler-1024 b,Kepler-1024,291.9510277,38.2516419,1087.4,50.46,-50.46
Kepler-23 c,Kepler-23,294.2189131,49.4792536,835.756,11.463,-11.163
Kepler-414 b,Kepler-414,297.9615616,48.2443363,413.46,3.023,-2.981
Kepler-9 b,Kepler-9,285.5739904,38.4008192,628.257,6.7435,-6.7435
Kepler-858 b,Kepler-858,288.8488552,51.2090375,298.532,1.972,-1.947
Kepler-302 c,Kepler-302,294.3169307,43.6292436,1402.58,56.98,-56.98
K2-268 e,K2-268,133.7094899,11.8482712,327.783,3.236,-3.175
Kepler-1355 b,Kepler-1355,283.7414249,49.0679833,911.269,25.492,-24.165
WASP-61 b,WASP-61,75.2996637,-26.0541438,488.66,5.558,-5.436
Kepler-621 b,Kepler-621,290.927245,39.9141166,,,
Kepler-653 b,Kepler-653,282.2130447,46.7177898,595.634,4.566,-4.497
KOI-4777.01,KOI-4777,287.2621474,42.0322257,172.245,1.243,-1.226
Kepler-28 c,Kepler-28,292.1370409,42.4294835,438.359,4.6705,-4.6705
Kepler-80 e,Kepler-80,296.1125759,39.9787451,369.451,2.8945,-2.8945
TYC 8998-760-1 c,TYC 8998-760-1,201.3001096,-64.9391566,94.6177,0.2844,-0.2828
WASP-88 b,WASP-88,309.5112337,-48.4620833,523.756,8.792,-8.511
TOI-904 b,TOI-904,89.3712733,-83.1297264,46.0891,0.0349,-0.0349
HD 165131 b,HD 165131,271.3444007,-21.6737039,57.4263,0.2111,-0.2096
Kepler-967 c,Kepler-967,286.5580128,38.4052418,568.546,,
Kepler-373 c,Kepler-373,289.3879904,50.5970115,1090.45,22.5,-22.5
Kepler-519 b,Kepler-519,299.3196708,41.3847447,246.61,1.454,-1.437
WASP-75 b,WASP-75,342.3858995,-10.6754686,294.001,4.412,-4.286
K2-271 b,K2-271,125.2239144,16.0907958,564.454,13.7,-13.7
Kepler-283 b,Kepler-283,293.6137413,47.838938,468.094,7.94,-7.684
Kepler-1443 b,Kepler-1443,283.4357392,47.0667983,593.646,21.954,-20.468
K2-208 b,K2-208,20.7789809,0.8890076,256.887,3.221,-3.144
WASP-119 b,WASP-119,55.9336392,-65.19378,302.448,2.017,-1.991
Kepler-548 b,Kepler-548,299.9059167,45.4396103,751.776,13.0105,-13.0105
HIP 54373 c,HIP 54373,166.8643532,-19.2916857,18.7168,0.0164,-0.0164
HAT-P-1 b,HAT-P-1,344.4453632,38.674919,158.979,0.977,-0.965
Kepler-737 b,Kepler-737,291.8629793,46.4291614,205.118,1.1585,-1.1585
Kepler-313 c,Kepler-313,298.2948708,48.7754,,,
Kepler-4 b,Kepler-4,285.6154492,50.1357712,487.916,5.898,-5.761
Kepler-2001 c,Kepler-2001,291.6594558,50.5838585,776.55,20.136,-19.16
Kepler-1963 b,Kepler-1963,296.5875182,47.207129,492.847,3.297,-3.255
Kepler-56 d,Kepler-56,293.7583002,41.871807,912.994,23.5465,-23.5465
HATS-14 b,HATS-14,313.2154754,-25.6873756,513.011,9.287,-8.968
Kepler-128 c,Kepler-128,282.4922622,43.9802442,396.379,3.947,-3.872
Kepler-416 c,Kepler-416,291.5569554,39.2272923,690.819,9.0135,-9.0135
Kepler-1826 b,Kepler-1826,292.7700072,48.8998469,336.952,3.1575,-3.1575
Kepler-1183 b,Kepler-1183,292.2324228,38.8921946,1919.19,174.31,-148.01
Kepler-363 d,Kepler-363,283.1920779,41.3054172,762.596,7.25,-7.118
TOI-5153 b,TOI-5153,91.5403204,-19.9534443,390.484,4.507,-4.407
WASP-67 b,WASP-67,295.7438485,-19.9497314,189.469,1.557,-1.533
Kepler-11 b,Kepler-11,297.1150949,41.9091092,646.346,6.375,-6.375
Kepler-1428 b,Kepler-1428,297.6422563,49.594958,1530.32,38.18,-38.18
Kepler-1054 b,Kepler-1054,290.6011085,44.5563604,1090.51,22.95,-22.04
Kepler-37 c,Kepler-37,284.0592503,44.5183733,63.9207,0.1196,-0.1191
Kepler-1823 b,Kepler-1823,283.754777,45.335125,724.971,8.524,-8.331
Kepler-549 c,Kepler-549,283.0228527,47.2611431,635.145,7.022,-6.872
Kepler-233 b,Kepler-233,296.3665054,51.3194548,856.417,19.328,-18.506
Kepler-235 d,Kepler-235,286.0790779,39.278237,428.018,6.695,-6.495
HAT-P-2 b,HAT-P-2,245.1514324,41.0479601,127.774,0.425,-0.423
KOI-94 b,KOI-94,297.3330716,41.8911186,477.052,5.0,-4.899
Kepler-310 c,Kepler-310,288.839278,46.9867472,602.268,7.031,-6.873
Kepler-171 c,Kepler-171,296.7719082,41.7555958,863.855,18.329,-18.329
Kepler-535 b,Kepler-535,296.5666587,49.6961742,685.599,5.968,-5.868
Kepler-220 c,Kepler-220,291.5060432,46.8956262,171.109,0.637,-0.633
Kepler-763 b,Kepler-763,292.1445534,47.1573604,962.459,30.184,-28.432
Kepler-913 b,Kepler-913,297.5830564,41.9523531,991.618,34.082,-31.926
Kepler-792 b,Kepler-792,292.0068239,38.8207001,1425.47,54.065,-54.065
HAT-P-26 b,HAT-P-26,213.1565508,4.0594175,141.837,1.152,-1.133
Kepler-942 b,Kepler-942,294.9550809,44.1499518,216.354,0.653,-0.649
Kepler-861 b,Kepler-861,292.3539624,46.2262465,850.327,22.9325,-22.9325
Kepler-127 d,Kepler-127,285.1899439,46.0280596,352.794,2.691,-2.652
Kepler-447 b,Kepler-447,285.2685283,48.5598835,268.041,1.848,-1.823
Kepler-1266 b,Kepler-1266,285.8693277,42.7279996,849.312,26.456,-24.93
TOI-1173 b,TOI-1173,197.6830975,70.7680117,132.353,0.461,-0.458
Kepler-24 b,Kepler-24,290.4132621,38.3437283,1156.81,32.08,-32.08
Kepler-1771 b,Kepler-1771,292.0134714,49.0191267,565.752,,
Kepler-509 b,Kepler-509,289.664394,48.706165,332.443,3.781,-3.698
Kepler-601 b,Kepler-601,282.0046852,42.1764657,414.825,2.4175,-2.4175
HAT-P-62 b,HAT-P-62,74.5043816,48.3008551,348.815,4.951,-4.816
Kepler-1594 b,Kepler-1594,293.6230451,47.9619127,976.868,23.05,-22.029
Kepler-1084 b,Kepler-1084,290.1019809,48.251146,405.533,5.621,-5.472
HAT-P-16 b,HAT-P-16,9.5730343,42.4630961,226.637,4.471,-4.305
Kepler-524 c,Kepler-524,296.8591787,49.1620125,1058.24,14.93,-14.93
Kepler-424 b,Kepler-424,298.6249797,48.57745,698.646,10.125,-9.844
Kepler-937 b,Kepler-937,294.1688142,46.7146161,1571.46,61.055,-61.055
Kepler-110 c,Kepler-110,292.9291693,48.6028303,586.531,8.215,-7.995
Kepler-860 b,Kepler-860,295.5772681,46.2547028,1056.36,26.955,-26.955
Kepler-1127 b,Kepler-1127,293.2173563,42.7205846,842.459,20.1305,-20.1305
Kepler-342 c,Kepler-342,292.6780488,46.7266813,781.611,9.729,-9.498
Kepler-1334 b,Kepler-1334,289.311532,51.3209059,1223.04,34.12,-32.35
GJ 3929 b,GJ 3929,239.5775678,35.4081141,15.8095,0.0096,-0.0095
Kepler-711 b,Kepler-711,297.4600468,42.8398172,624.575,11.327,-10.937
Kepler-107 d,Kepler-107,297.028162,48.2086019,525.997,5.697,-5.577
K2-353 b,K2-353,201.6168564,-2.2819018,268.515,3.729,-3.629
Kepler-1578 b,Kepler-1578,288.3021104,47.7756227,1064.05,40.22,-37.44
Kepler-127 d,Kepler-127,285.1899439,46.0280596,352.794,2.691,-2.652
HIP 8152 b,HIP 8152,26.2092533,-18.4013844,101.694,0.421,-0.417
HATS-11 b,HATS-11,289.4007603,-22.3900092,944.603,32.262,-30.233
Kepler-1073 c,Kepler-1073,294.1527259,38.2330886,809.897,13.14,-12.733
Kepler-1087 b,Kepler-1087,294.9789253,46.0056741,362.623,3.508,-3.443
MOA-2022-BLG-249L b,MOA-2022-BLG-249L,268.8655417,-28.3060611,2000.0,420.0,-420.0
Kepler-708 b,Kepler-708,293.8164588,42.2125159,1394.22,58.435,-58.435
HD 87883 b,HD 87883,152.1794175,34.2419984,18.2912,0.0125,-0.0124
Kepler-120 c,Kepler-120,287.8915707,39.3390979,388.63,3.24,-3.187
Kepler-1912 b,Kepler-1912,282.1178211,46.2239547,297.017,1.825,-1.803
Kepler-1143 b,Kepler-1143,287.302772,39.2896399,555.189,7.762,-7.555
Kepler-231 c,Kepler-231,293.9733913,50.531846,316.618,3.348,-3.281
Kepler-208 e,Kepler-208,293.8901979,42.5279413,775.328,8.8585,-8.8585
TOI-1201 b,TOI-1201,42.2476999,-14.5372835,37.8871,0.0516,-0.0516
Kepler-198 c,Kepler-198,290.6731326,38.6910045,495.358,4.2465,-4.2465
TOI-1442 b,TOI-1442,287.2921006,74.1742762,41.1659,0.0618,-0.0615
TYC 3667-1280-1 b,TYC 3667-1280-1,12.8875757,58.4261485,477.516,9.2365,-9.2365
Kepler-508 b,Kepler-508,295.4042546,42.9812789,324.618,2.548,-2.509
Kepler-462 b,Kepler-462,299.8211502,43.8142793,596.625,10.858,-10.484
Kepler-11 c,Kepler-11,297.1150949,41.9091092,646.346,6.375,-6.375
Kepler-1250 b,Kepler-1250,287.7938184,45.9802492,2126.85,137.12,-121.79
Kepler-321 b,Kepler-321,294.4536991,44.1457626,384.542,3.389,-3.331
Kepler-275 d,Kepler-275,292.4797004,38.5149018,2034.25,140.82,-124.0
Kepler-118 b,Kepler-118,299.2131881,41.4248195,574.228,6.899,-6.741
Kepler-1794 b,Kepler-1794,300.6196594,45.7888068,561.229,10.563,-10.187
Kepler-806 b,Kepler-806,296.0071956,44.8535698,361.896,2.925,-2.878
Kepler-69 b,Kepler-69,293.2609013,44.8688656,730.625,7.6555,-7.6555
Kepler-1655 b,Kepler-1655,286.6895986,39.2120802,213.26,0.991,-0.982
Kepler-784 b,Kepler-784,295.9206663,47.4486164,1303.72,21.12,-20.47
Kepler-409 b,Kepler-409,293.6792058,46.8527337,68.173,0.0996,-0.0993
Kepler-887 b,Kepler-887,290.0907893,39.8169085,886.588,12.515,-12.177
Kepler-1144 b,Kepler-1144,290.0432936,47.2578857,1140.57,32.62,-30.88
Kepler-339 c,Kepler-339,293.351701,48.4445922,616.637,9.3395,-9.3395
Kepler-610 c,Kepler-610,293.1713241,45.0655934,845.824,16.77,-16.142
Kepler-251 b,Kepler-251,296.5662171,44.1058077,924.625,27.219,-25.73
Kepler-1051 b,Kepler-1051,295.1581062,40.8988186,829.343,10.36,-10.112
Kepler-700 b,Kepler-700,287.154224,41.5657775,1491.76,60.51,-56.05
K2-126 b,K2-126,203.5467021,-13.5769705,102.953,0.777,-0.766
Kepler-253 b,Kepler-253,291.8419337,44.858124,838.595,20.317,-19.394
Kepler-324 e,Kepler-324,286.4714473,49.6490933,501.574,3.681,-3.629
Kepler-1285 b,Kepler-1285,281.8353366,44.1558825,422.269,3.37,-3.317
HIP 8152 b,HIP 8152,26.2092533,-18.4013844,101.694,0.421,-0.417
Kepler-267 c,Kepler-267,299.8305655,47.1575741,264.993,2.4925,-2.4925
WASP-75 b,WASP-75,342.3858995,-10.6754686,294.001,4.412,-4.286
Kepler-1642 b,Kepler-1642,297.2121215,43.643789,413.873,3.221,-3.174
Kepler-215 b,Kepler-215,294.9735313,45.2136867,485.997,3.654,-3.654
Kepler-1127 b,Kepler-1127,293.2173563,42.7205846,842.459,20.1305,-20.1305
Kepler-2000 b,Kepler-2000,285.5743032,49.9621218,320.588,3.651,-3.651
HD 75784 b,HD 75784,133.0992289,13.2330548,85.4321,0.52555,-0.52555
Kepler-229 d,Kepler-229,286.9994758,48.3757867,826.265,23.872,-22.591
Kepler-530 b,Kepler-530,283.3402948,48.549062,457.709,3.087,-3.046
Kepler-83 b,Kepler-83,282.2325197,43.6655662,400.409,5.153,-5.153
Kepler-123 b,Kepler-123,296.9985853,42.7819633,1021.66,22.53,-21.6
Kepler-556 b,Kepler-556,290.5294799,38.9427306,674.598,9.132,-9.132
WASP-18 b,WASP-18,24.3544618,-45.6777937,123.483,0.371,-0.369
Kepler-131 c,Kepler-131,288.5308924,40.942373,228.678,1.431,-1.413
Kepler-1641 b,Kepler-1641,296.359456,41.5745321,860.37,16.718,-16.104
Kepler-1448 b,Kepler-1448,287.8674123,50.5955846,768.903,10.2315,-10.2315
HD 38529 c,HD 38529,86.6451363,1.1675866,42.3538,0.10605,-0.10605
Kepler-263 c,Kepler-263,292.4698022,37.5677941,754.747,16.038,-16.038
Kepler-771 b,Kepler-771,287.4441104,38.0884183,1393.85,46.0,-43.19
Kepler-899 b,Kepler-899,297.4825612,40.6807412,1246.43,40.92,-38.43
Kepler-1151 b,Kepler-1151,292.2477819,47.8784257,682.436,10.963,-10.963
Kepler-20 e,Kepler-20,287.6979913,42.3385782,282.563,1.776,-1.753
HD 2952 b,HD 2952,8.2938367,54.8948177,110.103,0.657,-0.649
HATS-18 b,HATS-18,173.9574203,-29.1560639,624.368,16.147,-15.366
K2-59 c,K2-59,338.94255,-14.027727,311.313,3.544,-3.467
Kepler-1762 b,Kepler-1762,290.4931471,39.7855117,1663.74,87.74,-79.51
Kepler-345 c,Kepler-345,295.2288521,45.9710432,,,
Kepler-1294 b,Kepler-1294,291.2681037,44.4881624,1855.7,97.93,-88.76
Kepler-162 b,Kepler-162,297.2789115,43.7239693,855.641,15.029,-14.528
Kepler-213 c,Kepler-213,290.8241931,44.6472832,634.939,7.2715,-7.2715
Kepler-142 b,Kepler-142,295.1190067,48.4813635,548.686,4.126,-4.067
Kepler-462 c,Kepler-462,299.8211502,43.8142793,596.625,10.858,-10.484
WASP-159 b,WASP-159,68.1364792,-38.9682973,715.383,10.775,-10.466
Kepler-666 b,Kepler-666,298.4568899,48.7915925,1508.71,59.33,-55.07
KELT-11 b,KELT-11,161.7069053,-9.3993646,99.1596,0.52105,-0.52105
Kepler-167 b,Kepler-167,292.6585253,38.3455558,341.908,1.973,-1.973
Kepler-1544 b,Kepler-1544,297.2852168,49.2124526,335.09,1.666,-1.65
Kepler-1236 b,Kepler-1236,295.6247375,42.5458739,999.64,38.08,-35.429
Kepler-1235 b,Kepler-1235,284.9030677,43.9540616,540.604,4.3595,-4.3595
Kepler-1293 b,Kepler-1293,290.0258783,48.3359227,1028.16,14.93,-14.52
Kepler-947 b,Kepler-947,294.3667312,42.2526408,1730.78,99.26,-89.22
Kepler-350 b,Kepler-350,285.4195845,39.7061009,956.859,19.8105,-19.8105
HD 178911 B b,HD 178911 B,287.2632091,34.6006972,40.9727,0.0464,-0.0462
Kepler-1528 b,Kepler-1528,287.4029864,46.5740084,817.534,12.404,-12.044
HD 108236 d,HD 108236,186.5740627,-51.3630519,64.5978,0.1943,-0.1932
Kepler-1208 b,Kepler-1208,291.8812445,44.5557587,825.176,31.022,-28.889
Kepler-1014 b,Kepler-1014,285.1219875,44.1105331,624.8,6.638,-6.503
Kepler-1278 b,Kepler-1278,282.9569197,42.8255589,889.426,16.498,-15.918
Kepler-870 b,Kepler-870,295.4025625,50.4785992,1259.46,42.865,-42.865
Kepler-381 b,Kepler-381,285.1828685,43.8310283,267.323,1.708,-1.687
Kepler-1189 b,Kepler-1189,298.4264116,47.9468194,782.852,11.437,-11.437
Kepler-147 b,Kepler-147,287.9757213,39.087168,1042.02,25.965,-25.965
Kepler-97 b,Kepler-97,287.3265292,48.6733443,400.907,3.552,-3.491
Kepler-1461 b,Kepler-1461,285.8305091,43.198377,679.106,14.135,-13.581
Kepler-339 b,Kepler-339,293.351701,48.4445922,616.637,9.3395,-9.3395
Kepler-432 b,Kepler-432,293.2822344,48.2859173,848.023,20.1675,-20.1675
Kepler-85 b,Kepler-85,290.9734395,45.2902761,765.025,13.683,-13.219
HATS-28 b,HATS-28,284.3997616,-49.1385126,535.383,7.926,-7.703
Kepler-114 d,Kepler-114,294.121482,48.3497977,259.533,1.3085,-1.3085
Kepler-1153 b,Kepler-1153,289.1471849,45.86613,1119.49,43.6,-40.51
Kepler-873 b,Kepler-873,296.4031319,51.2712773,1182.22,33.82,-32.02
Kepler-1125 b,Kepler-1125,295.4812018,40.7319316,2011.41,275.0,-216.96
Kepler-508 b,Kepler-508,295.4042546,42.9812789,324.618,2.548,-2.509
Kepler-280 b,Kepler-280,291.3905325,42.1804735,780.361,11.302,-11.302
